{
  "author" : "Christian Juth",
  "version" : "0.1.0",

  "storage" : [
    {
      "key" : "google",
      "default":"0"
    }
  ],

  "options" : [
    {
      "title" : "Name",
      "type" : "text",
      "key" : "name",
      "default":"John"
    },

    {
      "title" : "Age",
      "type" : "number",
      "key":"age",
      "default":"18"
    },

    {
      "title" : "Setting",
      "type" : "text",
      "key":"setting",
      "default":"hey"
    },

    {
      "title" : "Favorite Color",
      "type" : "text",
      "key":"color",
      "default":"blue"
    }

  ]
}
